Numéro,Image,Titre,Prix
1,http://books.toscrape.com/media/cache/2c/da/2cdad67c44b002e7ead0cc35693c0e8b.jpg,Books,Â£51.77
2,http://books.toscrape.com/media/cache/5d/72/5d72709c6a7a9584a4d1cf07648bfce1.jpg,Books,Â£12.84
3,http://books.toscrape.com/media/cache/72/41/72417db983862010ef0c1a25de98c7d7.jpg,Books,Â£57.31
4,http://books.toscrape.com/media/cache/f4/79/f479de5f305c2ac0512702cf7155bb74.jpg,Books,Â£38.16
5,http://books.toscrape.com/media/cache/78/0b/780b2c28122750c2c383846155815bf7.jpg,Books,Â£13.61
6,http://books.toscrape.com/media/cache/26/1c/261c4eaf957ae4aacf2229b482e76dbe.jpg,Books,Â£57.36
7,http://books.toscrape.com/media/cache/23/b4/23b42e094c02d52b14b11a960d49610e.jpg,Books,Â£30.81
8,http://books.toscrape.com/media/cache/1f/62/1f621dda1b302fc16d83d94b0b5ac31c.jpg,Books,Â£33.14
9,http://books.toscrape.com/media/cache/fe/b7/feb764b2afa54991cfdbbffdf501b333.jpg,Books,Â£32.00
10,http://books.toscrape.com/media/cache/28/78/2878538a1039d9c4649110499a1393fb.jpg,Books,Â£28.26
11,http://books.toscrape.com/media/cache/6e/4e/6e4e8f4f4abd94356a9be840e4681e65.jpg,Books,Â£19.19
12,http://books.toscrape.com/media/cache/ba/36/ba368dfb2b6ae9979ff59d049c626167.jpg,Books,Â£38.20
13,http://books.toscrape.com/media/cache/52/df/52dfc44f48cf29e7a9e305bcb63e1899.jpg,Books,Â£16.88
14,http://books.toscrape.com/media/cache/10/28/1028b2cf417e49dc1c14609e437a98e0.jpg,Books,Â£45.58
15,http://books.toscrape.com/media/cache/ca/b1/cab150e556b5fab663a9fec00ed97943.jpg,Books,Â£41.56
16,http://books.toscrape.com/media/cache/0b/89/0b89c3b317d0f89da48356a0b5959c1e.jpg,Books,Â£28.82
17,http://books.toscrape.com/media/cache/f5/58/f55886d1bf600529a35e1bd932c78ca0.jpg,Books,Â£22.13
18,http://books.toscrape.com/media/cache/41/c3/41c37f7f0e03ee1144dd6fa89483b5d9.jpg,Books,Â£29.87
19,http://books.toscrape.com/media/cache/97/3a/973a2c3462a18fc90d3b9662d959df37.jpg,Books,Â£26.20
20,http://books.toscrape.com/media/cache/57/07/5707c3d5d4fd44d943d51730ba7d429a.jpg,Books,Â£11.84
21,http://books.toscrape.com/media/cache/a8/84/a8843a3fe1a40d5c7df60bbb8cd76ecd.jpg,Books,Â£13.34
22,http://books.toscrape.com/media/cache/90/86/9086ca3d1d5c4059beb7dcf762926e1e.jpg,Books,Â£48.27
23,http://books.toscrape.com/media/cache/5e/76/5e76a5026bd17a5b484ae2a60eec0542.jpg,Books,Â£35.92
24,http://books.toscrape.com/media/cache/b8/bd/b8bd3e5bc547c7c851689a844c9db429.jpg,Books,Â£14.10
25,http://books.toscrape.com/media/cache/58/6a/586afa8809f59bff51b89b2bc4a16129.jpg,Books,Â£52.86
26,http://books.toscrape.com/media/cache/bb/36/bb364a10868756d1c0877c928b43b533.jpg,Books,Â£41.14
27,http://books.toscrape.com/media/cache/c0/df/c0dfd5388bb38b9c24da2e94534e1198.jpg,Books,Â£50.35
28,http://books.toscrape.com/media/cache/25/f8/25f869fa75340fca0fc2a68e8a0412a1.jpg,Books,Â£48.19
29,http://books.toscrape.com/media/cache/dd/07/dd07bd0c443756b9dc260813c1949b4f.jpg,Books,Â£59.92
30,http://books.toscrape.com/media/cache/be/7c/be7ce6fbc9a8e1a5a5b5c32e73cfd78a.jpg,Books,Â£32.97
31,http://books.toscrape.com/media/cache/d9/7a/d97a3a4a65b5275ab506b28c7a88e0a5.jpg,Books,Â£34.50
32,http://books.toscrape.com/media/cache/0d/0b/0d0bd1fce3e0171cf101764393caea41.jpg,Books,Â£48.13
33,http://books.toscrape.com/media/cache/5e/f3/5ef34ba3e937218db15178a1a5ce195f.jpg,Books,Â£58.59
34,http://books.toscrape.com/media/cache/ac/ba/acba5e4e1813b8c1fff4890f1efef3ab.jpg,Books,Â£48.39
35,http://books.toscrape.com/media/cache/87/54/8754267f27581996f93e8d94d3c04bf9.jpg,Books,Â£34.93
36,http://books.toscrape.com/media/cache/61/2c/612ce7fa4cbee472392ce8721a4e863e.jpg,Books,Â£32.36
37,http://books.toscrape.com/media/cache/3a/2c/3a2c46cd40a7ecbd7c40815d6390fb8a.jpg,Books,Â£23.05
38,http://books.toscrape.com/media/cache/39/f1/39f167dff90d7f84f5c8dc5e05d4051b.jpg,Books,Â£33.92
39,http://books.toscrape.com/media/cache/cf/d5/cfd553eaa00f4d6091c459081cd98199.jpg,Books,Â£22.96
40,http://books.toscrape.com/media/cache/35/2c/352c1a7e155c5d03d073bf8ce1564caa.jpg,Books,Â£52.33
41,http://books.toscrape.com/media/cache/61/39/61393c43f7caaccaa07daccaa8530736.jpg,Books,Â£40.17
42,http://books.toscrape.com/media/cache/9a/71/9a7160b396790bd4a351522278de4f8c.jpg,Books,Â£44.97
43,http://books.toscrape.com/media/cache/bf/7a/bf7a5bc1d1ebac5e9b6fbb147828a123.jpg,Books,Â£46.83
44,http://books.toscrape.com/media/cache/4d/a6/4da6939a6bbd895a5acdeabad46d1f9f.jpg,Books,Â£59.95
45,http://books.toscrape.com/media/cache/88/ba/88baf408218bf1e31626211da4329c6b.jpg,Books,Â£36.83
46,http://books.toscrape.com/media/cache/e9/fb/e9fb3236b73384253144f89b6eec6a68.jpg,Books,Â£11.64
47,http://books.toscrape.com/media/cache/69/d2/69d225899cce0a150c605ead01e02f60.jpg,Books,Â£34.56
48,http://books.toscrape.com/media/cache/4e/69/4e69dacc99de838814d0f65c94e67f6c.jpg,Books,Â£57.49
49,http://books.toscrape.com/media/cache/b8/3e/b83e5f1b9c1dcfe0ef05cff4b080e0fa.jpg,Books,Â£32.36
50,http://books.toscrape.com/media/cache/00/25/0025515e987a1ebd648773f9ac70bfe6.jpg,Books,Â£38.00
